{
  "Comment": "File Processing Workflow with Parallel Processing and Job Tracking",
  "StartAt": "InitializeJob",
  "States": {
    "InitializeJob": {
      "Type": "Task",
      "Resource": "arn:aws:states:::dynamodb:putItem",
      "Parameters": {
        "TableName": "${JobTableName}",
        "Item": {
          "jobId": {
            "S.$": "$.jobId"
          },
          "status": {
            "S": "PENDING"
          },
          "createdAt": {
            "N.$": "States.Format('{}', $.timestamp)"
          },
          "totalFiles": {
            "N": "0"
          },
          "processedFiles": {
            "N": "0"
          },
          "failedFiles": {
            "N": "0"
          },
          "prefix": {
            "S.$": "$.prefix"
          }
        }
      },
      "ResultPath": "$.dynamoResult",
      "Next": "ListFiles"
    },
    "ListFiles": {
      "Type": "Task",
      "Resource": "arn:aws:states:::lambda:invoke",
      "Parameters": {
        "FunctionName": "${ListFilesFunctionArn}",
        "Payload": {
          "bucket.$": "$.bucket",
          "prefix.$": "$.prefix"
        }
      },
      "ResultSelector": {
        "files.$": "$.Payload.files"
      },
      "ResultPath": "$.fileList",
      "Next": "CheckFilesExist"
    },
    "CheckFilesExist": {
      "Type": "Choice",
      "Choices": [
        {
          "Variable": "$.fileList.files[0]",
          "IsPresent": true,
          "Next": "UpdateJobWithFileCount"
        }
      ],
      "Default": "NoFilesFound"
    },
    "NoFilesFound": {
      "Type": "Task",
      "Resource": "arn:aws:states:::dynamodb:updateItem",
      "Parameters": {
        "TableName": "${JobTableName}",
        "Key": {
          "jobId": {
            "S.$": "$.jobId"
          }
        },
        "UpdateExpression": "SET #status = :status, #message = :message",
        "ExpressionAttributeNames": {
          "#status": "status",
          "#message": "message"
        },
        "ExpressionAttributeValues": {
          ":status": {
            "S": "COMPLETED"
          },
          ":message": {
            "S": "No files found to process"
          }
        }
      },
      "End": true
    },
    "UpdateJobWithFileCount": {
      "Type": "Task",
      "Resource": "arn:aws:states:::dynamodb:updateItem",
      "Parameters": {
        "TableName": "${JobTableName}",
        "Key": {
          "jobId": {
            "S.$": "$.jobId"
          }
        },
        "UpdateExpression": "SET #status = :status, totalFiles = :totalFiles",
        "ExpressionAttributeNames": {
          "#status": "status"
        },
        "ExpressionAttributeValues": {
          ":status": {
            "S": "RUNNING"
          },
          ":totalFiles": {
            "N.$": "States.Format('{}', States.ArrayLength($.fileList.files))"
          }
        }
      },
      "ResultPath": "$.updateResult",
      "Next": "ProcessFilesInParallel"
    },
    "ProcessFilesInParallel": {
      "Type": "Map",
      "ItemsPath": "$.fileList.files",
      "MaxConcurrency": 10,
      "ItemProcessor": {
        "ProcessorConfig": {
          "Mode": "INLINE"
        },
        "StartAt": "ProcessSingleFile",
        "States": {
          "ProcessSingleFile": {
            "Type": "Task",
            "Resource": "arn:aws:states:::lambda:invoke",
            "Parameters": {
              "FunctionName": "${ProcessFileFunctionArn}",
              "Payload": {
                "jobId.$": "$.jobId",
                "bucket.$": "$.bucket",
                "key.$": "$.fileItem.key",
                "size.$": "$.fileItem.size"
              }
            },
            "ResultSelector": {
              "result.$": "$.Payload"
            },
            "Retry": [
              {
                "ErrorEquals": [
                  "States.TaskFailed",
                  "Lambda.ServiceException",
                  "Lambda.TooManyRequestsException"
                ],
                "IntervalSeconds": 2,
                "MaxAttempts": 3,
                "BackoffRate": 2
              }
            ],
            "Catch": [
              {
                "ErrorEquals": ["States.ALL"],
                "ResultPath": "$.error",
                "Next": "HandleFileError"
              }
            ],
            "Next": "FileProcessSuccess"
          },
          "FileProcessSuccess": {
            "Type": "Succeed"
          },
          "HandleFileError": {
            "Type": "Pass",
            "Parameters": {
              "key.$": "$.fileItem.key",
              "error.$": "$.error",
              "status": "FAILED"
            },
            "Next": "FileProcessSuccess"
          }
        }
      },
      "ItemSelector": {
        "jobId.$": "$.jobId",
        "bucket.$": "$.bucket",
        "fileItem.$": "$$.Map.Item.Value"
      },
      "ResultPath": "$.processResults",
      "Next": "AggregateResults"
    },
    "AggregateResults": {
      "Type": "Task",
      "Resource": "arn:aws:states:::lambda:invoke",
      "Parameters": {
        "FunctionName": "${AggregateResultsFunctionArn}",
        "Payload": {
          "jobId.$": "$.jobId",
          "results.$": "$.processResults"
        }
      },
      "ResultSelector": {
        "outputKey.$": "$.Payload.outputKey",
        "successCount.$": "$.Payload.successCount",
        "failureCount.$": "$.Payload.failureCount"
      },
      "ResultPath": "$.aggregation",
      "Next": "MarkJobComplete"
    },
    "MarkJobComplete": {
      "Type": "Task",
      "Resource": "arn:aws:states:::dynamodb:updateItem",
      "Parameters": {
        "TableName": "${JobTableName}",
        "Key": {
          "jobId": {
            "S.$": "$.jobId"
          }
        },
        "UpdateExpression": "SET #status = :status, completedAt = :completedAt, outputKey = :outputKey, processedFiles = :processedFiles, failedFiles = :failedFiles",
        "ExpressionAttributeNames": {
          "#status": "status"
        },
        "ExpressionAttributeValues": {
          ":status": {
            "S": "COMPLETED"
          },
          ":completedAt": {
            "N.$": "States.Format('{}', $$.State.EnteredTime)"
          },
          ":outputKey": {
            "S.$": "$.aggregation.outputKey"
          },
          ":processedFiles": {
            "N.$": "States.Format('{}', $.aggregation.successCount)"
          },
          ":failedFiles": {
            "N.$": "States.Format('{}', $.aggregation.failureCount)"
          }
        }
      },
      "End": true
    }
  }
}